Ward name,New code,Children aged 0-15 - 2015,Working-age (16-64) - 2015,Older people aged 65+ - 2015,% All Children aged 0-15 - 2015,% All Working-age (16-64) - 2015,% All Older people aged 65+ - 2015,Rate of JobSeekers Allowance (JSA) Claimants - 2015,Crime rate - 2014/15,Violence against the person rate - 2014/15,"Deliberate Fires per 1,000 population - 2014",% area that is open space - 2014,
City of London,E09000001,650,6250.00,1250.00,8.00,76.90,15.20,1.30,656.40,85.30,0.40,18.60,
Barking and Dagenham - Abbey,E05000026,3850,10150.00,750.00,26.00,69.00,5.00,4.00,138.10,42.20,1.40,21.90,
Barking and Dagenham - Alibon,E05000027,2700,6800.00,1050.00,25.70,64.30,10.00,3.70,73.60,27.30,0.70,20.60,
Barking and Dagenham - Becontree,E05000028,3200,8350.00,1100.00,25.40,65.90,8.70,3.60,79.90,27.60,1.20,1.90,
Barking and Dagenham - Chadwell Heath,E05000029,2550,6400.00,1450.00,24.30,61.50,14.20,3.70,76.10,24.60,1.30,56.00,
Barking and Dagenham - Eastbrook,E05000030,2150,7050.00,1550.00,20.10,65.70,14.20,4.00,66.70,24.50,0.80,50.40,
Barking and Dagenham - Eastbury,E05000031,3000,7750.00,1150.00,25.20,65.20,9.60,3.60,82.20,24.90,0.60,17.10,
Barking and Dagenham - Gascoigne,E05000032,5100,9900.00,850.00,32.00,62.60,5.40,4.10,75.80,20.30,0.90,20.80,
Barking and Dagenham - Goresbrook,E05000033,3000,7250.00,1250.00,25.90,63.20,10.90,3.50,74.80,25.80,0.90,14.10,
Barking and Dagenham - Heath,E05000034,2900,6950.00,1300.00,26.20,62.30,11.50,3.90,83.70,24.20,2.00,36.30,
Barking and Dagenham - Longbridge,E05000035,2600,7850.00,1450.00,21.70,66.00,12.20,2.30,57.00,16.60,0.40,28.30,
Barking and Dagenham - Mayesbrook,E05000036,2850,6550.00,1150.00,26.90,62.10,11.00,3.60,67.90,24.40,0.70,44.80,
Barking and Dagenham - Parsloes,E05000037,2550,6400.00,1100.00,25.20,63.70,11.10,4.10,56.80,19.70,0.90,17.40,
Barking and Dagenham - River,E05000038,3150,7600.00,1200.00,26.50,63.60,9.90,3.40,85.00,29.30,1.30,20.50,
Barking and Dagenham - Thames,E05000039,6150,11850.00,950.00,32.50,62.50,5.00,4.00,95.60,19.80,1.70,43.80,
Barking and Dagenham - Valence,E05000040,2600,6450.00,1150.00,25.50,63.20,11.30,2.50,68.30,18.30,0.20,11.80,
Barking and Dagenham - Village,E05000041,2750,7100.00,1200.00,24.80,64.10,11.10,4.00,90.80,29.80,1.10,47.00,
Barking and Dagenham - Whalebone,E05000042,2650,7200.00,1300.00,23.70,64.50,11.80,2.60,72.40,20.80,0.50,16.00,
Barnet - Brunswick Park,E05000043,3400,11350.00,2800.00,19.50,64.70,15.90,1.70,49.40,12.00,0.10,28.00,
Barnet - Burnt Oak,E05000044,4750,13050.00,1800.00,24.30,66.50,9.10,2.70,68.50,27.00,0.70,18.90,
Barnet - Childs Hill,E05000045,4100,14300.00,2650.00,19.50,67.90,12.60,2.70,90.50,22.30,0.10,15.10,
Barnet - Colindale,E05000046,6100,18550.00,2000.00,22.80,69.70,7.50,3.10,58.90,16.90,0.20,19.80,
Barnet - Coppetts,E05000047,3500,12500.00,2000.00,19.50,69.40,11.10,2.10,75.60,17.10,0.50,40.30,
Barnet - East Barnet,E05000048,3550,11050.00,2550.00,20.60,64.60,14.80,1.90,44.00,13.90,0.10,34.80,
Barnet - East Finchley,E05000049,3250,11300.00,2300.00,19.20,67.10,13.60,1.60,47.50,11.30,0.20,37.80,
Barnet - Edgware,E05000050,4050,10850.00,2750.00,22.90,61.60,15.50,1.60,71.40,17.20,0.20,54.00,
Barnet - Finchley Church End,E05000051,3200,10800.00,2800.00,19.00,64.30,16.60,1.60,52.00,9.20,0.20,13.70,
Barnet - Garden Suburb,E05000052,3450,10500.00,3000.00,20.30,61.90,17.70,1.10,65.10,11.00,0.10,24.20,
Barnet - Golders Green,E05000053,6400,16050.00,2500.00,25.60,64.30,10.10,2.20,61.30,11.30,0.20,14.60,
Barnet - Hale,E05000054,4100,11500.00,2650.00,22.50,63.10,14.40,1.60,46.80,12.20,0.30,48.80,
Barnet - Hendon,E05000055,4150,12800.00,2300.00,21.50,66.50,12.00,1.90,72.60,19.70,0.40,16.40,
Barnet - High Barnet,E05000056,2950,10500.00,2850.00,18.10,64.30,17.60,1.40,56.30,12.60,0.40,47.90,
Barnet - Mill Hill,E05000057,4350,12800.00,2800.00,21.90,64.10,14.00,1.30,62.80,14.70,0.20,59.00,
Barnet - Oakleigh,E05000058,3200,10550.00,2850.00,19.30,63.40,17.30,1.30,49.70,11.70,0.10,15.30,
Barnet - Totteridge,E05000059,3400,10600.00,2900.00,20.20,62.70,17.00,1.00,39.70,9.20,0.20,57.70,
Barnet - Underhill,E05000060,3400,11000.00,2900.00,19.60,63.70,16.70,2.20,57.90,17.80,0.40,43.80,
Barnet - West Finchley,E05000061,3250,11950.00,2300.00,18.60,68.20,13.10,1.50,55.20,14.70,0.20,13.40,
Barnet - West Hendon,E05000062,3950,13100.00,2150.00,20.60,68.20,11.20,2.10,99.90,20.30,0.30,32.00,
Barnet - Woodhouse,E05000063,3500,12650.00,2550.00,18.60,67.60,13.80,1.90,69.30,15.90,0.20,19.30,
Bexley - Barnehurst,E05000064,2000,6600.00,2050.00,18.70,62.00,19.30,1.40,46.50,15.50,0.40,36.00,
Bexley - Belvedere,E05000065,2900,7950.00,1600.00,23.20,63.90,12.90,2.40,62.00,19.80,1.20,33.10,
Bexley - Blackfen and Lamorbey,E05000066,1950,6700.00,2050.00,18.30,62.60,19.10,1.10,28.80,6.90,0.20,9.50,
Bexley - Blendon and Penhill,E05000067,2000,6900.00,2150.00,18.00,62.60,19.50,0.80,37.70,7.60,0.30,13.80,
Bexley - Brampton,E05000068,1750,6350.00,2450.00,16.60,60.10,23.30,0.90,26.30,6.30,0.00,9.10,
Bexley - Christchurch,E05000069,2050,7200.00,2100.00,18.10,63.30,18.60,1.70,97.50,28.50,0.40,17.30,
Bexley - Colyers,E05000070,2550,7150.00,1700.00,22.30,62.70,15.00,2.30,39.50,13.20,0.30,13.00,
Bexley - Crayford,E05000071,2500,7700.00,1750.00,20.90,64.60,14.60,2.00,62.20,17.10,0.80,41.70,
Bexley - Cray Meadows,E05000072,2350,6950.00,2000.00,20.80,61.50,17.70,1.80,54.30,16.40,0.50,61.70,
Bexley - Danson Park,E05000073,2000,7000.00,1950.00,18.30,63.80,18.00,1.20,54.00,15.70,0.60,36.40,
Bexley - East Wickham,E05000074,2000,6850.00,2100.00,18.40,62.40,19.20,1.50,40.50,12.60,0.50,26.80,
Bexley - Erith,E05000075,3200,8100.00,1500.00,25.10,63.30,11.60,2.90,82.30,22.20,1.60,44.60,
Bexley - Falconwood and Welling,E05000076,2000,7100.00,1800.00,18.20,65.20,16.70,1.10,47.70,13.20,0.30,0.70,
Bexley - Lesnes Abbey,E05000077,2300,7250.00,1900.00,20.30,63.30,16.50,2.20,59.80,14.10,1.50,37.00,
Bexley - Longlands,E05000078,1750,6600.00,2250.00,16.40,62.40,21.20,1.20,34.20,9.70,0.30,28.90,
Bexley - North End,E05000079,3150,7450.00,1250.00,26.70,62.70,10.60,3.90,81.20,27.20,2.40,65.30,
Bexley - Northumberland Heath,E05000080,2100,6800.00,1800.00,19.50,63.60,16.90,1.80,42.10,12.00,0.70,13.60,
Bexley - St. Mary's,E05000081,1850,6300.00,2350.00,17.70,59.90,22.40,0.80,33.20,7.90,0.60,46.80,
Bexley - St. Michael's,E05000082,2300,7200.00,1750.00,20.40,64.00,15.60,1.20,30.00,11.30,0.00,5.90,
Bexley - Sidcup,E05000083,1750,7050.00,2200.00,15.90,64.20,19.90,1.30,50.50,14.80,0.20,25.80,
Bexley - Thamesmead East,E05000084,3500,8100.00,950.00,27.80,64.80,7.40,3.70,54.90,19.70,0.70,70.50,
Brent - Alperton,E05000085,3050,10750.00,1550.00,19.80,70.10,10.10,2.00,69.10,21.20,0.30,17.70,
Brent - Barnhill,E05000086,3400,10850.00,2000.00,20.90,66.70,12.40,2.70,64.70,21.40,0.10,31.60,
Brent - Brondesbury Park,E05000087,2350,9250.00,1700.00,17.80,69.60,12.60,2.30,70.80,16.10,0.50,9.70,
Brent - Dollis Hill,E05000088,3300,8700.00,1650.00,24.10,63.70,12.20,3.80,67.30,22.80,0.20,26.60,
Brent - Dudden Hill,E05000089,3350,10750.00,1700.00,21.20,68.10,10.70,4.10,88.20,30.20,0.30,11.60,
Brent - Fryent,E05000090,2900,9450.00,1800.00,20.50,66.80,12.70,1.60,58.40,18.10,0.40,39.30,
Brent - Harlesden,E05000091,4750,11150.00,1550.00,27.30,63.80,9.00,8.50,100.30,37.90,0.20,8.90,
Brent - Kensal Green,E05000092,3200,10350.00,1550.00,21.10,68.70,10.20,5.80,86.60,31.80,0.00,6.90,
Brent - Kenton,E05000093,2050,8150.00,2350.00,16.20,65.00,18.80,1.60,51.30,11.10,0.40,17.00,
Brent - Kilburn,E05000094,3400,12500.00,1650.00,19.50,71.10,9.40,4.70,79.30,27.10,0.20,11.10,
Brent - Mapesbury,E05000095,2750,11750.00,1500.00,17.20,73.40,9.40,3.90,71.80,21.30,0.40,9.60,
Brent - Northwick Park,E05000096,2150,9350.00,1800.00,16.00,70.30,13.70,1.70,64.70,19.20,0.20,32.00,
Brent - Preston,E05000097,3300,10400.00,2050.00,20.80,66.20,13.00,2.40,57.90,17.10,0.10,19.20,
Brent - Queens Park,E05000098,3200,10750.00,1550.00,20.50,69.60,9.90,2.60,72.90,19.40,0.10,19.00,
Brent - Queensbury,E05000099,3350,11400.00,2100.00,19.80,67.80,12.40,1.90,65.00,17.10,0.20,13.70,
Brent - Stonebridge,E05000100,4700,11350.00,1600.00,26.70,64.40,9.00,8.10,116.00,39.50,0.10,16.20,
Brent - Sudbury,E05000101,3250,10350.00,1700.00,21.10,67.80,11.10,2.30,51.50,18.10,0.00,34.60,
Brent - Tokyngton,E05000102,3800,13300.00,1850.00,20.00,70.30,9.70,2.10,82.80,21.30,0.20,19.80,
Brent - Welsh Harp,E05000103,3000,9300.00,1700.00,21.50,66.40,12.10,3.20,62.90,21.10,0.20,34.00,
Brent - Wembley Central,E05000104,3100,11350.00,1700.00,19.10,70.30,10.60,2.60,118.30,39.50,0.10,20.10,
Brent - Willesden Green,E05000105,3050,11600.00,1300.00,19.10,72.70,8.20,4.40,94.90,33.80,0.20,36.80,
Bromley - Bickley,E05000106,3000,9300.00,3150.00,19.40,60.30,20.40,1.00,36.50,7.10,0.40,21.50,
Bromley - Biggin Hill,E05000107,1850,6400.00,2000.00,18.00,62.40,19.60,0.70,44.80,12.70,0.40,72.70,
Bromley - Bromley Common and Keston,E05000108,3350,10100.00,2800.00,20.70,62.20,17.10,1.30,53.00,19.20,0.40,58.60,
Bromley - Bromley Town,E05000109,3900,12200.00,2500.00,20.80,65.70,13.50,1.20,139.00,35.30,0.20,17.60,
Bromley - Chelsfield and Pratts Bottom,E05000110,2800,9000.00,3000.00,19.10,60.70,20.30,0.80,40.30,6.40,0.40,68.40,
Bromley - Chislehurst,E05000111,2900,9200.00,3300.00,18.70,59.80,21.40,0.80,55.20,14.60,0.40,59.10,
Bromley - Clock House,E05000112,3450,10600.00,2000.00,21.60,66.00,12.40,1.40,46.00,15.30,0.40,16.20,
Bromley - Copers Cope,E05000113,2500,10750.00,2650.00,15.80,67.60,16.60,0.90,70.50,20.90,0.20,16.70,
Bromley - Cray Valley East,E05000114,3600,9550.00,2700.00,22.70,60.30,17.10,2.10,102.20,28.50,2.90,76.20,
Bromley - Cray Valley West,E05000115,4050,10500.00,2600.00,23.60,61.20,15.20,2.40,71.50,25.40,0.70,23.40,
Bromley - Crystal Palace,E05000116,2700,9200.00,1050.00,20.70,71.10,8.20,3.00,90.00,29.90,1.60,49.20,
Bromley - Darwin,E05000117,1000,3050.00,1300.00,18.40,57.40,24.20,0.60,43.90,11.50,0.40,88.50,
Bromley - Farnborough and Crofton,E05000118,2550,8700.00,3600.00,17.30,58.50,24.20,0.70,43.00,14.80,0.60,48.90,
Bromley - Hayes and Coney Hall,E05000119,3000,10100.00,3150.00,18.50,62.00,19.50,0.80,35.00,9.20,0.30,68.90,
Bromley - Kelsey and Eden Park,E05000120,3000,10200.00,3000.00,18.60,63.00,18.40,1.10,59.90,19.50,0.10,42.70,
Bromley - Mottingham and Chislehurst North,E05000121,2400,6450.00,1500.00,23.10,62.50,14.40,3.40,93.00,27.20,1.40,44.00,
Bromley - Orpington,E05000122,2900,9350.00,3450.00,18.50,59.50,22.00,1.30,89.60,24.70,0.80,24.60,
Bromley - Penge and Cator,E05000123,3900,12100.00,1900.00,21.90,67.60,10.50,2.70,89.90,29.70,1.30,24.90,
Bromley - Petts Wood and Knoll,E05000124,2550,8250.00,3150.00,18.30,59.00,22.70,0.60,43.00,7.70,0.10,24.30,
Bromley - Plaistow and Sundridge,E05000125,3250,9950.00,2400.00,20.90,63.90,15.30,1.70,48.60,16.50,0.30,40.30,
Bromley - Shortlands,E05000126,1800,6150.00,2200.00,17.70,60.70,21.60,0.70,33.80,8.10,0.20,3.00,
Bromley - West Wickham,E05000127,2600,9450.00,3200.00,17.10,62.00,21.00,0.70,33.90,7.50,0.00,31.80,
Camden - Belsize,E05000128,2300,8850.00,1650.00,18.00,69.00,13.00,1.40,60.90,11.40,0.40,1.30,
Camden - Bloomsbury,E05000129,750,9800.00,1100.00,6.50,83.90,9.60,2.30,314.10,41.60,0.20,9.20,
Camden - Camden Town with Primrose Hill,E05000130,1900,9550.00,1650.00,14.60,72.90,12.50,2.40,297.00,62.00,0.40,15.20,
Camden - Cantelowes,E05000131,1850,9450.00,1200.00,14.80,75.60,9.50,2.60,82.50,22.00,0.60,7.40,
Camden - Fortune Green,E05000132,1850,9000.00,1300.00,15.20,74.20,10.60,2.40,54.20,15.30,0.00,18.40,
Camden - Frognal and Fitzjohns,E05000133,2000,8500.00,1750.00,16.30,69.40,14.30,0.90,56.70,8.40,0.10,5.70,
Camden - Gospel Oak,E05000134,2100,7950.00,1450.00,18.40,69.00,12.60,2.70,65.80,19.60,0.40,15.90,
Camden - Hampstead Town,E05000135,1950,7550.00,1900.00,17.30,66.30,16.50,0.70,82.90,13.50,0.30,53.90,
Camden - Haverstock,E05000136,2400,8900.00,1450.00,18.70,69.90,11.40,2.50,87.60,27.90,0.20,8.20,
Camden - Highgate,E05000137,1850,7500.00,1800.00,16.40,67.30,16.30,2.20,81.00,20.70,0.40,65.20,
Camden - Holborn and Covent Garden,E05000138,1750,10550.00,1400.00,12.70,77.10,10.30,2.10,311.00,47.30,0.10,7.50,
Camden - Kentish Town,E05000139,2150,10400.00,1350.00,15.40,75.00,9.60,2.00,89.00,26.20,0.40,5.30,
Camden - Kilburn,E05000140,2200,8750.00,1450.00,17.70,70.70,11.60,4.00,110.70,29.10,0.10,13.40,
Camden - King's Cross,E05000141,1600,10000.00,950.00,12.80,79.70,7.50,3.30,122.40,26.10,0.30,13.50,
Camden - Regent's Park,E05000142,2200,11200.00,1350.00,14.80,76.00,9.20,3.10,131.30,32.90,1.20,27.00,
Camden - St. Pancras and Somers Town,E05000143,2850,12000.00,1350.00,17.70,74.00,8.30,3.60,93.50,24.10,0.40,13.60,
Camden - Swiss Cottage,E05000144,2200,9400.00,1550.00,16.80,71.30,11.80,1.70,70.00,13.70,0.40,14.50,
Camden - West Hampstead,E05000145,1650,9750.00,1150.00,13.10,77.60,9.20,2.10,77.60,19.40,0.00,9.40,
Croydon - Addiscombe,E05000146,3550,12450.00,1750.00,19.90,70.30,9.80,2.10,61.00,17.70,0.10,2.30,
Croydon - Ashburton,E05000147,2950,9950.00,2200.00,19.50,65.90,14.60,2.30,58.10,15.60,0.40,22.20,
Croydon - Bensham Manor,E05000148,4000,10850.00,1700.00,24.10,65.60,10.30,3.70,64.40,19.60,0.00,7.80,
Croydon - Broad Green,E05000149,5300,13250.00,1500.00,26.40,66.10,7.50,3.20,151.30,42.20,1.20,4.60,
Croydon - Coulsdon East,E05000150,2350,7600.00,2750.00,18.40,59.90,21.70,1.20,34.90,9.80,0.70,56.80,
Croydon - Coulsdon West,E05000151,2600,9250.00,2300.00,18.40,65.20,16.40,1.00,46.70,11.90,0.40,17.10,
Croydon - Croham,E05000152,3250,10900.00,2050.00,20.20,67.30,12.60,1.30,57.30,15.70,0.20,19.10,
Croydon - Fairfield,E05000153,4200,15350.00,2250.00,19.20,70.50,10.30,2.40,215.90,58.70,0.20,17.50,
Croydon - Fieldway,E05000154,3500,7150.00,1200.00,29.60,60.20,10.20,4.20,61.80,26.80,2.50,22.90,
Croydon - Heathfield,E05000155,2450,8650.00,2450.00,18.20,63.70,18.20,1.60,70.70,15.20,1.00,61.30,
Croydon - Kenley,E05000156,3250,9900.00,2450.00,20.90,63.30,15.80,1.10,35.90,11.80,0.20,39.60,
Croydon - New Addington,E05000157,2750,7000.00,1450.00,24.60,62.30,13.10,2.60,70.00,26.80,2.00,31.20,
Croydon - Norbury,E05000158,3550,11250.00,2300.00,20.80,65.80,13.50,2.40,54.20,16.00,0.20,15.80,
Croydon - Purley,E05000159,3050,10050.00,2450.00,19.70,64.60,15.70,1.40,78.10,18.60,0.10,3.80,
Croydon - Sanderstead,E05000160,2250,8200.00,2750.00,17.00,62.20,20.90,1.00,29.60,6.90,0.10,48.60,
Croydon - Selhurst,E05000161,4850,12000.00,1700.00,26.20,64.60,9.20,4.20,95.90,33.00,0.80,18.30,
Croydon - Selsdon and Ballards,E05000162,1700,7800.00,2750.00,13.80,63.80,22.40,0.70,35.50,7.70,0.50,55.20,
Croydon - Shirley,E05000163,2900,9100.00,2700.00,19.70,61.90,18.40,1.70,44.10,15.00,0.60,16.00,
Croydon - South Norwood,E05000164,3750,11450.00,1750.00,22.20,67.60,10.30,3.80,80.00,26.40,0.20,17.50,
Croydon - Thornton Heath,E05000165,4300,11000.00,1600.00,25.40,65.10,9.50,4.30,82.00,30.40,0.50,11.20,
Croydon - Upper Norwood,E05000166,3450,11200.00,1950.00,20.80,67.40,11.80,2.60,70.80,20.70,0.40,19.40,
Croydon - Waddon,E05000167,4100,11650.00,1850.00,23.40,66.10,10.50,2.70,74.30,23.50,0.40,32.70,
Croydon - West Thornton,E05000168,4550,11650.00,1750.00,25.40,64.80,9.80,3.30,90.30,30.50,0.40,18.70,
Croydon - Woodside,E05000169,4200,11400.00,1500.00,24.70,66.60,8.70,3.50,65.00,21.60,0.50,33.30,
Ealing - Acton Central,E05000170,3150,11050.00,1600.00,20.00,69.90,10.20,4.00,77.90,26.00,0.40,24.20,
Ealing - Cleveland,E05000171,3200,9750.00,1900.00,21.70,65.70,12.70,3.20,47.80,13.70,0.10,34.70,
Ealing - Dormers Wells,E05000172,3150,9250.00,1750.00,22.40,65.30,12.30,4.30,54.00,21.10,0.40,47.30,
Ealing - Ealing Broadway,E05000173,2300,11400.00,1850.00,14.60,73.30,12.00,1.90,145.70,37.20,0.20,6.10,
Ealing - Ealing Common,E05000174,2250,10250.00,1700.00,15.70,72.30,12.00,2.00,68.90,15.40,0.20,22.20,
Ealing - East Acton,E05000175,3950,14200.00,1700.00,19.80,71.60,8.50,3.50,103.70,22.50,0.40,19.60,
Ealing - Elthorne,E05000176,3150,10350.00,1600.00,21.00,68.50,10.50,3.30,77.50,26.40,0.30,34.20,
Ealing - Greenford Broadway,E05000177,4400,11300.00,2050.00,24.70,63.70,11.50,3.20,81.20,27.90,0.30,26.20,
Ealing - Greenford Green,E05000178,3100,9600.00,1800.00,21.20,66.20,12.60,1.90,74.80,17.90,0.10,22.60,
Ealing - Hanger Hill,E05000179,3000,10550.00,2200.00,19.10,66.90,14.00,1.90,60.40,14.70,0.30,26.70,
Ealing - Hobbayne,E05000180,3250,9350.00,1750.00,22.50,65.40,12.10,3.20,44.20,15.00,0.30,36.10,
Ealing - Lady Margaret,E05000181,2750,9600.00,1700.00,19.70,68.10,12.20,2.60,46.20,18.40,0.40,19.40,
Ealing - Northfield,E05000182,2700,9400.00,1600.00,19.60,68.70,11.70,1.20,44.50,12.60,0.10,25.60,
Ealing - North Greenford,E05000183,3050,9900.00,1900.00,20.50,66.60,12.90,2.00,51.80,11.70,0.30,53.30,
Ealing - Northolt Mandeville,E05000184,3600,9900.00,1850.00,23.40,64.50,12.10,3.40,63.30,20.60,0.60,34.50,
Ealing - Northolt West End,E05000185,3950,9700.00,1550.00,26.00,63.80,10.20,4.40,67.50,21.10,0.50,56.30,
Ealing - Norwood Green,E05000186,2950,9650.00,1600.00,20.80,67.90,11.40,4.20,91.10,43.50,0.60,54.50,
Ealing - Perivale,E05000187,3200,10350.00,1950.00,20.60,66.80,12.50,1.90,73.30,16.80,0.30,38.30,
Ealing - South Acton,E05000188,3350,11100.00,1750.00,20.60,68.60,10.80,3.80,88.70,28.00,0.30,17.50,
Ealing - Southall Broadway,E05000189,3700,10900.00,1600.00,22.70,67.30,10.00,4.00,107.90,35.80,0.40,14.10,
Ealing - Southall Green,E05000190,3600,10250.00,1350.00,23.80,67.30,8.90,4.00,83.90,31.20,0.60,16.30,
Ealing - Southfield,E05000191,2500,9500.00,1550.00,18.60,69.90,11.50,1.80,64.50,11.10,0.10,14.30,
Ealing - Walpole,E05000192,2600,9400.00,1550.00,19.10,69.40,11.50,2.00,73.80,19.70,0.30,20.10,
Enfield - Bowes,E05000193,2650,10250.00,1650.00,18.20,70.40,11.30,2.50,50.80,14.70,0.50,15.30,
Enfield - Bush Hill Park,E05000194,2500,9050.00,2600.00,17.60,64.00,18.40,1.80,53.90,10.40,0.60,29.60,
Enfield - Chase,E05000195,3150,8950.00,1950.00,22.30,63.80,13.90,2.90,55.80,15.40,0.60,81.50,
Enfield - Cockfosters,E05000196,2250,9100.00,2750.00,16.10,64.50,19.40,1.60,46.40,11.60,0.60,68.80,
Enfield - Edmonton Green,E05000197,4950,11750.00,1600.00,27.10,64.20,8.80,6.20,117.70,36.70,0.60,33.20,
Enfield - Enfield Highway,E05000198,4050,10500.00,1800.00,24.90,64.20,10.90,4.00,82.40,25.70,1.00,40.60,
Enfield - Enfield Lock,E05000199,4500,11100.00,1400.00,26.40,65.40,8.30,4.10,69.20,23.60,0.70,39.60,
Enfield - Grange,E05000200,2300,8400.00,2600.00,17.30,63.10,19.60,1.40,59.40,13.00,0.40,27.40,
Enfield - Haselbury,E05000201,4050,10800.00,1700.00,24.50,65.30,10.20,4.40,61.10,19.90,0.50,27.00,
Enfield - Highlands,E05000202,2200,8700.00,2600.00,16.40,64.30,19.30,1.30,40.40,11.80,0.30,56.40,
Enfield - Jubilee,E05000203,3500,9350.00,1750.00,24.10,64.10,11.90,3.90,58.80,18.80,0.50,60.60,
Enfield - Lower Edmonton,E05000204,4700,10300.00,1700.00,28.00,61.80,10.20,5.30,56.20,21.90,0.20,40.60,
Enfield - Palmers Green,E05000205,2900,10550.00,2250.00,18.50,67.20,14.20,2.30,70.30,16.40,0.20,15.40,
Enfield - Ponders End,E05000206,4400,11100.00,1550.00,25.70,65.20,9.10,5.30,80.60,24.30,0.40,44.50,
Enfield - Southbury,E05000207,3700,9700.00,1500.00,24.70,65.10,10.20,3.30,98.80,25.10,0.70,29.30,
Enfield - Southgate,E05000208,2850,9900.00,2050.00,19.20,66.90,13.90,1.60,62.60,17.50,0.40,27.10,
Enfield - Southgate Green,E05000209,2550,9550.00,2250.00,17.90,66.40,15.70,2.10,43.20,10.20,0.30,20.60,
Enfield - Town,E05000210,3000,9750.00,2400.00,19.80,64.20,15.90,1.60,50.30,13.30,0.30,16.00,
Enfield - Turkey Street,E05000211,3600,9350.00,1750.00,24.40,63.70,11.80,4.40,74.50,23.70,0.30,30.50,
Enfield - Upper Edmonton,E05000212,4800,12050.00,1750.00,25.70,65.00,9.30,4.40,120.20,29.10,0.90,17.60,
Enfield - Winchmore Hill,E05000213,2550,9050.00,2100.00,18.60,66.00,15.40,1.80,43.70,9.20,0.50,25.20,
Greenwich - Abbey Wood,E05000214,4300,10250.00,1650.00,26.40,63.40,10.20,3.60,77.60,28.60,1.50,44.00,
Greenwich - Blackheath Westcombe,E05000215,2300,8950.00,2000.00,17.30,67.60,15.10,1.60,76.60,16.10,0.20,15.40,
Greenwich - Charlton,E05000216,3300,9700.00,1650.00,22.60,66.20,11.20,3.10,60.70,21.00,0.70,31.50,
Greenwich - Coldharbour and New Eltham,E05000217,2350,8650.00,2450.00,17.40,64.50,18.10,1.90,58.10,17.00,0.40,20.00,
Greenwich - Eltham North,E05000218,2250,8250.00,2400.00,17.60,63.90,18.50,1.70,67.20,17.40,0.30,24.60,
Greenwich - Eltham South,E05000219,2050,8950.00,2050.00,15.80,68.50,15.70,2.40,75.90,19.80,0.60,54.60,
Greenwich - Eltham West,E05000220,2700,8350.00,1450.00,21.50,66.90,11.60,3.00,59.90,18.40,0.20,30.50,
Greenwich - Glyndon,E05000221,4350,12750.00,1400.00,23.60,68.80,7.60,4.00,60.90,25.50,0.60,32.60,
Greenwich - Greenwich West,E05000222,3450,13550.00,1450.00,18.80,73.30,7.90,2.40,104.00,25.00,0.60,49.00,
Greenwich - Kidbrooke with Hornfair,E05000223,2900,9950.00,1850.00,19.70,67.70,12.50,2.50,70.30,23.50,0.30,28.20,
Greenwich - Middle Park and Sutcliffe,E05000224,2900,8850.00,2200.00,20.80,63.50,15.70,3.40,64.40,21.90,0.60,37.00,
Greenwich - Peninsula,E05000225,4650,18350.00,1500.00,19.00,74.80,6.20,1.60,107.60,18.70,0.20,33.70,
Greenwich - Plumstead,E05000226,3950,11550.00,1600.00,23.10,67.60,9.30,3.40,78.70,30.60,1.10,41.00,
Greenwich - Shooters Hill,E05000227,2750,9050.00,1900.00,20.20,66.00,13.80,2.50,46.30,16.40,0.10,57.20,
Greenwich - Thamesmead Moorings,E05000228,6450,14600.00,1150.00,29.10,65.80,5.10,3.80,70.50,24.00,1.50,55.40,
Greenwich - Woolwich Common,E05000229,5250,13100.00,1200.00,26.70,67.00,6.20,4.90,103.00,35.00,0.60,39.40,
Greenwich - Woolwich Riverside,E05000230,5550,16050.00,1450.00,24.00,69.70,6.30,3.80,112.80,35.00,0.40,34.90,
Hackney - Brownswood,E05000231,1850,10700.00,750.00,13.80,80.50,5.70,2.70,87.30,27.60,0.30,25.60,
Hackney - Cazenove,E05000232,4050,8850.00,850.00,29.30,64.40,6.30,3.40,49.70,16.30,0.00,12.80,
Hackney - Chatham,E05000233,2950,10050.00,950.00,21.10,72.00,6.90,5.00,115.30,41.20,0.60,20.40,
Hackney - Clissold,E05000234,2450,9300.00,950.00,19.30,73.40,7.40,2.50,75.40,19.50,0.50,12.30,
Hackney - Dalston,E05000235,2650,12300.00,1000.00,16.60,77.10,6.30,3.80,158.60,40.50,0.40,17.10,
Hackney - De Beauvoir,E05000236,2400,11700.00,1050.00,15.80,77.10,7.10,3.20,147.90,34.10,0.60,14.20,
Hackney - Hackney Central,E05000237,2300,9850.00,1000.00,17.50,74.70,7.70,3.80,114.60,35.40,0.30,14.10,
Hackney - Hackney Downs,E05000238,2600,9800.00,1000.00,19.50,73.00,7.50,4.30,80.00,25.20,0.30,33.80,
Hackney - Haggerston,E05000239,2200,12150.00,900.00,14.50,79.70,5.80,3.20,162.30,40.60,0.60,19.10,
Hackney - Hoxton,E05000240,2450,12850.00,1000.00,15.00,78.80,6.20,3.60,127.20,30.60,0.50,27.60,
Hackney - King's Park,E05000241,2800,7750.00,1100.00,24.10,66.40,9.50,5.80,68.00,28.20,0.40,66.90,
Hackney - Leabridge,E05000242,2950,10600.00,1050.00,20.10,72.60,7.30,3.90,79.90,24.60,0.50,23.00,
Hackney - Lordship,E05000243,3650,8000.00,1050.00,28.60,63.20,8.20,3.00,66.50,20.60,0.20,33.60,
Hackney - New River,E05000244,4250,9150.00,1100.00,29.20,63.20,7.50,3.50,63.10,24.00,0.50,28.00,
Hackney - Queensbridge,E05000245,2400,10850.00,1200.00,16.60,75.20,8.10,4.00,116.80,28.80,0.40,15.60,
Hackney - Springfield,E05000246,4200,7650.00,950.00,32.70,59.80,7.50,4.40,73.70,25.40,0.30,26.50,
Hackney - Stoke Newington Central,E05000247,2100,9950.00,1000.00,16.10,76.20,7.80,3.00,93.30,27.70,0.20,13.30,
Hackney - Victoria,E05000248,2750,9950.00,1050.00,20.10,72.40,7.50,3.90,93.00,29.10,0.60,21.00,
Hackney - Wick,E05000249,2600,8800.00,950.00,20.90,71.40,7.70,4.30,99.80,36.90,0.60,48.80,
Hammersmith and Fulham - Addison,E05000250,1850,8850.00,900.00,16.10,76.00,7.90,2.60,107.40,24.40,0.10,0.30,
Hammersmith and Fulham - Askew,E05000251,2550,10550.00,1200.00,17.80,73.80,8.40,4.70,75.40,23.00,0.10,3.60,
Hammersmith and Fulham - Avonmore and Brook Green,E05000252,1550,9750.00,1400.00,12.20,76.80,11.00,1.90,70.50,16.40,0.10,8.80,
Hammersmith and Fulham - College Park and Old Oak,E05000253,2100,7750.00,900.00,19.50,72.30,8.20,4.30,115.70,32.10,1.30,43.80,
Hammersmith and Fulham - Fulham Broadway,E05000254,1650,8750.00,1150.00,14.40,75.60,10.00,2.10,95.20,23.80,0.10,3.10,
Hammersmith and Fulham - Fulham Reach,E05000255,1550,9250.00,1000.00,13.10,78.40,8.50,1.60,98.60,31.20,0.10,20.90,
Hammersmith and Fulham - Hammersmith Broadway,E05000256,2000,9000.00,1250.00,16.30,73.40,10.40,2.40,224.90,51.00,0.10,9.10,
Hammersmith and Fulham - Munster,E05000257,1900,8250.00,1000.00,17.10,74.00,8.90,1.20,64.50,14.30,0.20,8.50,
Hammersmith and Fulham - North End,E05000258,1600,10150.00,850.00,12.80,80.50,6.70,1.80,64.60,18.50,0.40,10.70,
Hammersmith and Fulham - Palace Riverside,E05000259,1400,5050.00,1150.00,18.20,66.40,15.30,1.10,90.80,16.40,0.00,54.70,
Hammersmith and Fulham - Parsons Green and Walham,E05000260,2100,7550.00,1200.00,19.30,69.60,11.20,1.10,124.80,22.20,0.20,9.80,
Hammersmith and Fulham - Ravenscourt Park,E05000261,1950,7700.00,1350.00,17.70,70.10,12.20,1.90,101.10,19.70,0.20,16.30,
Hammersmith and Fulham - Sands End,E05000262,2550,9850.00,1150.00,18.90,72.60,8.60,2.70,69.60,21.30,0.10,25.00,
Hammersmith and Fulham - Shepherd's Bush Green,E05000263,2100,9850.00,1050.00,16.20,75.80,8.00,4.00,281.40,60.10,0.20,9.70,
Hammersmith and Fulham - Town,E05000264,2050,8450.00,900.00,17.90,74.30,7.80,2.00,100.70,22.40,0.10,0.00,
Hammersmith and Fulham - Wormholt and White City,E05000265,2950,9500.00,1300.00,21.50,69.10,9.40,6.10,71.90,25.80,0.10,4.60,
Haringey - Alexandra,E05000266,2450,8250.00,1350.00,20.40,68.40,11.30,1.40,63.60,10.00,0.20,52.20,
Haringey - Bounds Green,E05000267,2550,10500.00,1350.00,17.60,72.90,9.40,3.10,82.00,23.80,0.30,22.80,
Haringey - Bruce Grove,E05000268,3250,10500.00,1250.00,21.70,69.90,8.30,6.20,85.20,30.30,0.50,4.90,
Haringey - Crouch End,E05000269,2050,9400.00,1300.00,16.20,73.60,10.20,1.40,67.30,11.50,0.20,13.90,
Haringey - Fortis Green,E05000270,2500,9000.00,1500.00,19.40,69.10,11.50,1.30,57.90,10.40,0.50,24.00,
Haringey - Harringay,E05000271,2150,10900.00,1050.00,15.10,77.30,7.60,3.30,89.50,23.00,0.20,45.40,
Haringey - Highgate,E05000272,1800,8900.00,1450.00,14.80,73.30,11.90,1.80,56.60,10.70,0.20,41.80,
Haringey - Hornsey,E05000273,2300,9600.00,1200.00,17.70,73.20,9.10,3.60,67.20,17.40,0.10,10.00,
Haringey - Muswell Hill,E05000274,1900,7700.00,1500.00,16.90,69.50,13.50,1.20,71.70,11.00,0.60,30.70,
Haringey - Noel Park,E05000275,2600,10850.00,1200.00,17.80,74.00,8.20,4.40,200.70,46.30,0.70,11.50,
Haringey - Northumberland Park,E05000276,3800,10200.00,1200.00,25.10,67.10,7.80,9.00,130.50,45.20,0.60,23.00,
Haringey - St. Ann's,E05000277,2850,12000.00,1300.00,17.60,74.50,8.00,3.60,71.00,21.90,0.50,20.00,
Haringey - Seven Sisters,E05000278,4200,11150.00,1250.00,25.30,67.10,7.60,3.80,80.00,23.20,0.70,21.80,
Haringey - Stroud Green,E05000279,1900,9400.00,950.00,15.50,76.80,7.80,2.60,54.00,13.70,0.20,24.70,
Haringey - Tottenham Green,E05000280,3300,11350.00,1300.00,20.70,71.20,8.10,5.10,134.50,40.90,0.50,10.50,
Haringey - Tottenham Hale,E05000281,3850,12150.00,1300.00,22.20,70.20,7.60,5.40,103.70,29.90,0.40,29.00,
Haringey - West Green,E05000282,2550,10100.00,1400.00,18.30,71.90,9.80,4.50,80.40,26.10,0.70,38.20,
Haringey - White Hart Lane,E05000283,3350,9500.00,1150.00,23.90,67.90,8.20,5.00,82.10,23.30,0.50,27.90,
Haringey - Woodside,E05000284,2800,11200.00,1350.00,18.30,72.90,8.80,3.50,84.20,29.00,0.40,26.80,
Harrow - Belmont,E05000285,2350,7550.00,1700.00,20.40,64.80,14.80,1.20,35.30,10.20,0.20,11.00,
Harrow - Canons,E05000286,2600,8350.00,2550.00,19.30,61.90,18.80,1.40,42.10,12.50,0.20,57.30,
Harrow - Edgware,E05000287,2550,8000.00,1500.00,21.10,66.50,12.40,1.70,52.60,18.10,0.20,14.90,
Harrow - Greenhill,E05000288,2500,9250.00,1350.00,19.10,70.50,10.40,2.50,129.90,32.10,0.30,7.70,
Harrow - Harrow on the Hill,E05000289,2800,8450.00,1600.00,21.90,65.60,12.50,1.90,57.30,20.80,0.20,43.40,
Harrow - Harrow Weald,E05000290,2200,7350.00,2100.00,19.00,63.10,17.80,1.90,47.00,13.80,0.10,56.30,
Harrow - Hatch End,E05000291,2050,6700.00,2200.00,18.60,61.10,20.30,1.30,41.50,11.90,0.10,31.00,
Harrow - Headstone North,E05000292,1800,6700.00,1850.00,17.20,64.70,18.00,1.00,40.90,11.10,0.10,49.50,
Harrow - Headstone South,E05000293,2350,7750.00,1500.00,20.40,66.70,12.90,2.00,39.70,9.40,0.20,14.40,
Harrow - Kenton East,E05000294,2150,7800.00,1550.00,18.50,67.90,13.50,2.00,33.50,10.90,0.10,7.20,
Harrow - Kenton West,E05000295,2000,7750.00,1800.00,17.30,67.10,15.60,1.30,40.00,11.50,0.20,17.90,
Harrow - Marlborough,E05000296,2900,8700.00,1400.00,22.40,66.90,10.70,2.20,60.90,21.10,0.50,8.30,
Harrow - Pinner,E05000297,1850,6300.00,2150.00,18.00,60.90,21.10,1.40,44.70,10.40,0.50,28.60,
Harrow - Pinner South,E05000298,2200,6450.00,2000.00,20.80,60.40,18.70,1.10,24.50,6.80,0.10,22.20,
Harrow - Queensbury,E05000299,2600,8200.00,1500.00,21.30,66.50,12.20,1.40,37.40,12.60,n/a,23.30,
Harrow - Rayners Lane,E05000300,2350,7350.00,1750.00,20.60,64.40,15.10,1.20,33.50,11.70,0.40,10.70,
Harrow - Roxbourne,E05000301,3200,8550.00,1350.00,24.50,65.20,10.30,2.40,53.10,17.70,0.30,15.30,
Harrow - Roxeth,E05000302,2650,7950.00,1400.00,22.20,66.20,11.60,2.10,64.10,20.30,0.20,18.40,
Harrow - Stanmore Park,E05000303,2000,6850.00,2650.00,17.50,59.60,23.00,1.20,53.30,13.90,0.20,45.80,
Harrow - Wealdstone,E05000304,2800,7650.00,1300.00,23.80,65.30,10.90,2.80,54.50,16.90,0.30,3.30,
Harrow - West Harrow,E05000305,2150,7100.00,1500.00,19.90,66.20,13.90,2.20,31.20,11.70,0.40,19.70,
Havering - Brooklands,E05000306,3850,11050.00,2200.00,22.40,64.60,13.00,2.50,71.90,20.10,0.90,44.90,
Havering - Cranham,E05000307,2150,7450.00,3050.00,16.80,58.90,24.30,0.90,32.30,7.80,0.50,55.90,
Havering - Elm Park,E05000308,2350,7800.00,2550.00,18.50,61.50,20.00,2.40,39.40,10.20,0.80,55.70,
Havering - Emerson Park,E05000309,1850,7400.00,2850.00,15.30,61.30,23.40,1.00,36.30,6.70,0.20,31.30,
Havering - Gooshays,E05000310,3600,9900.00,1900.00,23.50,64.20,12.30,4.10,79.90,26.40,1.90,68.40,
Havering - Hacton,E05000311,2000,7950.00,2650.00,15.90,63.10,21.00,1.30,26.10,7.20,0.20,24.20,
Havering - Harold Wood,E05000312,2550,8700.00,2500.00,18.60,63.40,18.00,1.90,67.80,16.90,0.60,60.70,
Havering - Havering Park,E05000313,2700,8200.00,2300.00,20.50,62.10,17.30,3.20,45.70,16.70,1.10,75.20,
Havering - Heaton,E05000314,2900,8100.00,2200.00,22.10,61.10,16.80,4.00,68.20,21.70,1.90,45.30,
Havering - Hylands,E05000315,2100,8600.00,2500.00,15.90,65.30,18.80,1.30,55.80,10.00,0.50,26.10,
Havering - Mawneys,E05000316,2550,8000.00,2550.00,19.40,61.00,19.60,2.00,52.20,13.10,0.40,32.10,
Havering - Pettits,E05000317,2200,7850.00,2950.00,17.00,60.20,22.80,1.20,40.80,9.70,0.20,32.40,
Havering - Rainham and Wennington,E05000318,2500,8300.00,2350.00,18.90,63.00,18.00,2.20,74.10,16.30,1.00,79.00,
Havering - Romford Town,E05000319,3650,12550.00,2450.00,19.60,67.10,13.20,2.40,167.90,48.10,0.80,8.10,
Havering - St. Andrew's,E05000320,2300,8500.00,2850.00,16.70,62.30,21.00,1.40,65.20,17.40,0.70,18.70,
Havering - South Hornchurch,E05000321,3600,10350.00,2650.00,21.60,62.50,15.90,3.10,56.70,14.90,0.90,45.10,
Havering - Squirrel's Heath,E05000322,2450,8650.00,2350.00,18.10,64.40,17.50,1.50,40.80,10.20,0.10,16.70,
Havering - Upminster,E05000323,2000,7900.00,3100.00,15.40,60.80,23.80,0.80,49.70,6.10,0.80,82.00,
Hillingdon - Barnhill,E05000324,3450,9200.00,1400.00,24.70,65.50,9.80,3.10,81.60,31.70,0.50,27.70,
Hillingdon - Botwell,E05000325,4200,10200.00,1500.00,26.50,64.10,9.40,3.40,96.50,31.20,1.20,32.20,
Hillingdon - Brunel,E05000326,2350,10850.00,1600.00,15.90,73.30,10.80,1.80,96.80,33.60,0.50,40.50,
Hillingdon - Cavendish,E05000327,2400,7750.00,2000.00,19.80,63.80,16.40,1.00,33.80,8.50,0.30,17.70,
Hillingdon - Charville,E05000328,3000,8550.00,1650.00,22.70,64.90,12.40,2.20,52.60,22.30,0.20,44.90,
Hillingdon - Eastcote and East Ruislip,E05000329,2150,7800.00,2650.00,17.20,61.70,21.20,0.60,41.90,9.60,0.00,33.40,
Hillingdon - Harefield,E05000330,1550,4900.00,1350.00,19.70,63.20,17.10,0.90,64.30,19.50,2.40,85.50,
Hillingdon - Heathrow Villages,E05000331,3050,8900.00,1300.00,23.20,67.10,9.70,1.80,272.20,58.30,1.30,29.50,
Hillingdon - Hillingdon East,E05000332,3100,9000.00,1600.00,22.50,65.70,11.80,1.40,55.80,17.70,0.50,48.20,
Hillingdon - Ickenham,E05000333,1900,6600.00,2250.00,17.60,61.50,20.90,0.40,33.20,7.10,0.20,55.70,
Hillingdon - Manor,E05000334,2400,7600.00,1900.00,20.10,63.90,16.00,0.90,38.80,12.40,0.00,18.10,
Hillingdon - Northwood,E05000335,1750,6800.00,2300.00,16.10,62.60,21.30,1.30,46.30,10.20,0.30,61.00,
Hillingdon - Northwood Hills,E05000336,2250,7600.00,2150.00,18.90,63.20,17.90,1.50,53.90,15.50,0.50,33.30,
Hillingdon - Pinkwell,E05000337,4150,10200.00,1400.00,26.20,64.90,8.90,3.00,73.60,24.20,0.90,26.90,
Hillingdon - South Ruislip,E05000338,2650,8600.00,1700.00,20.70,66.30,13.00,1.30,64.80,14.70,0.30,62.80,
Hillingdon - Townfield,E05000339,3550,9900.00,1450.00,24.00,66.40,9.70,3.40,131.20,37.50,1.00,30.90,
Hillingdon - Uxbridge North,E05000340,2400,8600.00,2100.00,18.40,65.50,16.10,1.40,100.60,30.20,0.60,34.40,
Hillingdon - Uxbridge South,E05000341,2050,11550.00,1400.00,13.60,77.10,9.30,1.80,103.30,34.90,0.70,25.90,
Hillingdon - West Drayton,E05000342,3600,9900.00,1750.00,23.50,65.10,11.40,1.90,81.50,30.50,1.40,31.90,
Hillingdon - West Ruislip,E05000343,2150,7450.00,2000.00,18.60,64.30,17.10,1.20,65.40,13.40,0.40,49.50,
Hillingdon - Yeading,E05000344,3800,9250.00,1150.00,26.80,65.10,8.10,3.00,76.40,25.30,0.40,33.40,
Hillingdon - Yiewsley,E05000345,3150,9250.00,1350.00,22.70,67.30,10.00,2.20,110.10,32.50,1.60,41.30,
Hounslow - Bedfont,E05000346,2950,8500.00,1500.00,22.80,65.60,11.60,2.70,65.00,20.30,1.10,52.50,
Hounslow - Brentford,E05000347,2950,11300.00,1550.00,18.50,71.50,10.00,2.70,80.00,20.00,0.10,42.80,
Hounslow - Chiswick Homefields,E05000348,2200,7950.00,1500.00,18.80,68.40,12.80,1.30,83.50,13.50,0.40,42.20,
Hounslow - Chiswick Riverside,E05000349,2300,7800.00,1600.00,19.70,66.50,13.80,1.70,62.20,13.20,0.20,35.20,
Hounslow - Cranford,E05000350,2800,8600.00,1350.00,22.20,67.30,10.50,2.70,74.40,28.90,0.20,26.40,
Hounslow - Feltham North,E05000351,2400,7850.00,1600.00,20.30,66.10,13.60,2.10,77.40,25.10,0.60,37.00,
Hounslow - Feltham West,E05000352,3950,10700.00,1150.00,25.00,67.60,7.40,2.10,69.80,25.10,1.10,41.40,
Hounslow - Hanworth,E05000353,2900,8000.00,1500.00,23.60,64.50,11.90,2.80,72.90,28.50,0.50,45.60,
Hounslow - Hanworth Park,E05000354,2600,8150.00,1500.00,21.10,66.40,12.40,1.80,70.50,22.40,0.50,41.40,
Hounslow - Heston Central,E05000355,2650,8500.00,1450.00,21.00,67.50,11.50,2.70,53.00,21.60,0.60,15.80,
Hounslow - Heston East,E05000356,2600,8650.00,1500.00,20.40,68.00,11.60,2.40,63.30,20.60,0.40,27.10,
Hounslow - Heston West,E05000357,2900,8450.00,1400.00,22.90,66.20,10.90,3.40,100.30,27.40,1.50,39.10,
Hounslow - Hounslow Central,E05000358,3300,11350.00,1550.00,20.30,70.10,9.60,2.00,166.80,47.70,0.50,11.10,
Hounslow - Hounslow Heath,E05000359,3700,10300.00,1250.00,24.30,67.50,8.30,3.00,64.00,25.90,0.70,48.60,
Hounslow - Hounslow South,E05000360,2200,7800.00,1650.00,19.00,67.00,14.00,1.90,41.40,10.00,0.20,17.90,
Hounslow - Hounslow West,E05000361,2650,9650.00,1450.00,19.20,70.10,10.70,2.10,92.10,30.70,0.50,10.20,
Hounslow - Isleworth,E05000362,2700,8150.00,1300.00,22.30,66.90,10.80,2.80,69.50,22.30,0.70,22.60,
Hounslow - Osterley and Spring Grove,E05000363,2600,9050.00,1750.00,19.30,67.80,12.90,1.30,73.20,18.10,0.40,54.30,
Hounslow - Syon,E05000364,2950,9850.00,1400.00,20.70,69.40,9.90,1.90,82.20,30.70,0.50,42.50,
Hounslow - Turnham Green,E05000365,1850,8400.00,1550.00,15.80,71.00,13.20,1.40,95.00,18.40,0.20,7.40,
Islington - Barnsbury,E05000366,1950,9750.00,1250.00,15.00,75.30,9.70,2.10,131.40,30.00,0.10,11.00,
Islington - Bunhill,E05000367,2200,13350.00,1150.00,13.10,80.00,7.00,3.10,179.70,34.60,0.30,13.50,
Islington - Caledonian,E05000368,2200,11450.00,1250.00,14.80,76.70,8.50,3.40,138.80,38.70,1.90,16.40,
Islington - Canonbury,E05000369,2250,9000.00,1250.00,18.20,71.90,9.90,2.80,80.20,24.20,0.20,14.40,
Islington - Clerkenwell,E05000370,1450,9850.00,1000.00,11.70,80.00,8.30,2.40,154.30,28.50,0.20,9.30,
Islington - Finsbury Park,E05000371,2700,11300.00,1300.00,17.60,73.80,8.60,4.30,161.30,47.10,0.10,15.90,
Islington - Highbury East,E05000372,2250,8700.00,1200.00,18.40,71.80,9.80,2.20,98.20,23.10,1.40,21.60,
Islington - Highbury West,E05000373,2650,12650.00,1050.00,16.20,77.30,6.50,2.50,88.50,27.30,0.10,10.60,
Islington - Hillrise,E05000374,2300,8900.00,1150.00,18.50,72.10,9.40,3.80,74.00,26.20,1.20,18.30,
Islington - Holloway,E05000375,2400,12400.00,1250.00,15.10,77.20,7.70,3.70,83.30,22.80,0.20,16.90,
Islington - Junction,E05000376,2000,9700.00,1250.00,15.40,74.90,9.70,3.70,115.50,34.10,0.50,16.60,
Islington - Mildmay,E05000377,2500,10000.00,1050.00,18.30,74.00,7.70,2.80,92.30,24.70,0.50,10.60,
Islington - St. George's,E05000378,2100,9750.00,1250.00,16.20,74.40,9.50,3.70,76.50,24.10,0.50,8.10,
Islington - St. Mary's,E05000379,1750,9600.00,1200.00,13.80,76.60,9.50,2.60,192.20,44.00,0.20,9.60,
Islington - St. Peter's,E05000380,1950,10050.00,1150.00,14.90,76.20,8.90,2.20,127.10,30.00,0.50,10.40,
Islington - Tollington,E05000381,2450,10350.00,1100.00,17.50,74.40,8.10,4.00,86.40,27.40,0.50,13.30,
Kensington and Chelsea - Abingdon,E05000382,1750,7550.00,1400.00,16.20,70.50,13.30,1.00,83.20,18.70,0.00,5.90,
Kensington and Chelsea - Brompton,E05000383,1250,6350.00,1300.00,14.20,71.20,14.60,0.90,185.50,23.90,0.20,10.80,
Kensington and Chelsea - Campden,E05000384,1400,5700.00,1100.00,16.90,69.50,13.60,0.70,124.70,21.40,n/a,27.80,
Kensington and Chelsea - Colville,E05000385,1200,6150.00,1000.00,14.40,73.40,12.20,3.40,172.20,36.40,0.20,10.50,
Kensington and Chelsea - Courtfield,E05000386,1150,6950.00,950.00,12.80,76.50,10.70,1.70,109.00,18.90,0.10,13.40,
Kensington and Chelsea - Cremorne,E05000387,1250,5550.00,1450.00,15.00,67.30,17.70,3.30,89.50,26.30,n/a,29.30,
Kensington and Chelsea - Earl's Court,E05000388,1150,7300.00,900.00,12.10,78.10,9.80,3.00,110.40,29.80,0.20,10.00,
Kensington and Chelsea - Golborne,E05000389,1650,6850.00,1050.00,17.40,71.50,11.10,6.50,130.90,40.80,0.50,34.60,
Kensington and Chelsea - Hans Town,E05000390,1250,6150.00,1450.00,13.90,69.40,16.60,0.90,188.30,23.00,n/a,8.50,
Kensington and Chelsea - Holland,E05000391,1850,6650.00,1350.00,18.60,67.70,13.60,1.60,70.80,17.60,n/a,27.70,
Kensington and Chelsea - Norland,E05000392,1600,5650.00,1500.00,18.30,64.50,17.20,2.50,97.20,23.70,0.10,15.40,
Kensington and Chelsea - Notting Barns,E05000393,1850,6550.00,1350.00,19.10,67.20,13.70,4.20,99.30,30.10,0.30,9.30,
Kensington and Chelsea - Pembridge,E05000394,1100,5700.00,950.00,14.00,73.80,12.30,1.50,177.90,31.00,0.00,11.90,
Kensington and Chelsea - Queen's Gate,E05000395,1500,7450.00,1050.00,14.80,74.80,10.40,0.80,88.00,14.40,0.00,5.80,
Kensington and Chelsea - Redcliffe,E05000396,1400,6750.00,1100.00,15.30,72.60,12.10,1.80,80.10,15.00,n/a,28.10,
Kensington and Chelsea - Royal Hospital,E05000397,1000,4750.00,1600.00,13.60,64.70,21.70,1.40,117.90,16.70,n/a,43.10,
Kensington and Chelsea - St. Charles,E05000398,1800,6700.00,1100.00,18.60,69.80,11.60,4.10,114.80,42.40,0.30,21.90,
Kensington and Chelsea - Stanley,E05000399,1300,5650.00,1300.00,15.50,68.50,16.00,1.00,118.70,28.20,n/a,9.10,
Kingston upon Thames - Alexandra,E05000400,1900,6200.00,1600.00,19.70,63.70,16.60,1.00,34.70,7.90,0.30,43.70,
Kingston upon Thames - Berrylands,E05000401,1800,6500.00,1500.00,18.20,66.40,15.40,1.40,31.60,8.20,0.30,10.90,
Kingston upon Thames - Beverley,E05000402,2200,6900.00,1350.00,20.80,66.00,13.10,1.80,64.50,15.40,0.70,26.40,
Kingston upon Thames - Canbury,E05000403,3100,9050.00,1150.00,23.40,68.10,8.50,1.50,38.40,9.40,0.20,7.00,
Kingston upon Thames - Chessington North and Hook,E05000404,1800,5800.00,1400.00,20.10,64.60,15.30,1.40,43.90,13.90,1.20,27.50,
Kingston upon Thames - Chessington South,E05000405,2200,6800.00,1500.00,20.90,64.60,14.40,1.30,47.50,16.30,0.60,75.70,
Kingston upon Thames - Coombe Hill,E05000406,1950,7150.00,1600.00,18.30,66.80,14.90,1.30,47.80,12.60,0.30,42.10,
Kingston upon Thames - Coombe Vale,E05000407,2100,6550.00,1450.00,20.60,65.20,14.20,0.90,26.20,6.50,0.10,11.00,
Kingston upon Thames - Grove,E05000408,1950,8750.00,1050.00,16.80,74.40,8.80,1.60,268.50,65.80,0.20,23.60,
Kingston upon Thames - Norbiton,E05000409,2150,7500.00,1000.00,20.10,70.60,9.20,2.40,62.40,22.70,0.20,34.50,
Kingston upon Thames - Old Malden,E05000410,1850,6100.00,1750.00,19.00,63.00,18.10,1.10,29.60,8.00,0.10,21.30,
Kingston upon Thames - St. James,E05000411,1700,5900.00,1650.00,18.20,63.70,18.10,1.10,33.80,9.90,0.70,28.20,
Kingston upon Thames - St. Mark's,E05000412,1350,8650.00,900.00,12.20,79.40,8.30,1.50,49.70,13.50,0.40,23.90,
Kingston upon Thames - Surbiton Hill,E05000413,1900,7550.00,1450.00,17.40,69.20,13.50,1.10,29.60,10.10,0.30,5.80,
Kingston upon Thames - Tolworth and Hook Rise,E05000414,2150,7050.00,1450.00,20.10,66.10,13.80,1.30,53.70,14.20,0.70,33.10,
Kingston upon Thames - Tudor,E05000415,2150,6200.00,1450.00,22.00,63.10,14.90,0.90,33.10,6.60,0.10,22.70,
Lambeth - Bishop's,E05000416,1250,9200.00,950.00,10.90,80.90,8.20,2.60,243.60,48.30,0.70,31.60,
Lambeth - Brixton Hill,E05000417,2650,12900.00,1100.00,16.00,77.30,6.70,3.00,91.50,28.00,0.20,13.10,
Lambeth - Clapham Common,E05000418,2150,10500.00,950.00,15.80,77.10,7.10,2.10,85.60,20.40,0.50,27.90,
Lambeth - Clapham Town,E05000419,2150,11700.00,1000.00,14.30,78.90,6.70,2.40,142.50,34.30,0.40,13.10,
Lambeth - Coldharbour,E05000420,3550,12900.00,1050.00,20.20,73.70,6.10,5.60,180.90,56.40,0.40,14.40,
Lambeth - Ferndale,E05000421,2050,13400.00,950.00,12.50,81.60,5.90,3.00,145.60,38.40,0.50,10.30,
Lambeth - Gipsy Hill,E05000422,3150,9600.00,1150.00,22.70,68.90,8.40,4.10,79.60,27.80,1.10,25.70,
Lambeth - Herne Hill,E05000423,2950,11450.00,1200.00,19.00,73.40,7.60,3.30,92.40,26.70,0.10,37.90,
Lambeth - Knight's Hill,E05000424,3450,10350.00,1400.00,22.60,68.20,9.20,4.00,74.60,24.10,0.30,13.30,
Lambeth - Larkhall,E05000425,2900,13950.00,1150.00,16.00,77.60,6.40,3.60,92.80,27.50,1.10,20.00,
Lambeth - Oval,E05000426,2300,13150.00,1150.00,13.70,79.30,7.00,2.90,127.40,35.30,0.40,24.90,
Lambeth - Prince's,E05000427,2550,11450.00,1400.00,16.50,74.30,9.20,3.90,119.30,30.80,0.10,20.70,
Lambeth - St. Leonard's,E05000428,2800,11250.00,1150.00,18.30,74.00,7.70,3.00,104.00,30.50,0.30,12.10,
Lambeth - Stockwell,E05000429,2800,11350.00,1100.00,18.40,74.50,7.10,3.60,83.70,29.50,0.30,13.20,
Lambeth - Streatham Hill,E05000430,2700,11200.00,1250.00,18.00,73.90,8.20,3.00,76.90,23.60,0.20,14.10,
Lambeth - Streatham South,E05000431,2950,10150.00,1650.00,20.00,68.80,11.20,3.40,74.90,20.10,0.30,26.00,
Lambeth - Streatham Wells,E05000432,3050,10950.00,1250.00,19.80,71.90,8.30,2.90,72.70,22.60,0.20,18.30,
Lambeth - Thornton,E05000433,2800,10150.00,1050.00,19.90,72.50,7.60,2.40,55.20,14.90,0.40,22.40,
Lambeth - Thurlow Park,E05000434,3150,9350.00,1300.00,22.70,67.70,9.60,2.80,73.20,22.40,0.50,19.70,
Lambeth - Tulse Hill,E05000435,3300,11900.00,1100.00,20.30,73.10,6.70,4.60,80.30,27.00,0.60,16.60,
Lambeth - Vassall,E05000436,2600,11900.00,1100.00,16.50,76.30,7.20,5.00,81.00,24.60,1.90,16.80,
Lewisham - Bellingham,E05000437,3700,10000.00,1600.00,24.10,65.50,10.40,4.70,94.00,32.20,0.70,46.70,
Lewisham - Blackheath,E05000438,2700,10700.00,1550.00,18.10,71.40,10.50,2.50,83.90,26.80,0.40,34.60,
Lewisham - Brockley,E05000439,2950,14450.00,1150.00,15.80,78.00,6.10,2.90,78.80,24.20,0.50,13.30,
Lewisham - Catford South,E05000440,3200,10650.00,1800.00,20.60,68.00,11.50,3.10,44.80,15.00,0.10,3.00,
Lewisham - Crofton Park,E05000441,3200,10700.00,1450.00,20.80,69.70,9.50,2.30,58.40,17.50,0.30,20.70,
Lewisham - Downham,E05000442,3500,9600.00,1850.00,23.40,64.20,12.40,4.20,78.90,31.70,0.80,30.10,
Lewisham - Evelyn,E05000443,4250,13200.00,1050.00,22.90,71.30,5.80,4.20,69.60,21.60,0.40,22.60,
Lewisham - Forest Hill,E05000444,3300,10550.00,1500.00,21.50,68.80,9.80,3.20,69.90,22.30,0.80,22.20,
Lewisham - Grove Park,E05000445,3100,10100.00,1900.00,20.50,67.00,12.40,3.60,50.60,18.00,0.60,21.60,
Lewisham - Ladywell,E05000446,2750,11150.00,1350.00,17.90,73.20,8.90,2.60,55.00,17.10,0.40,25.70,
Lewisham - Lee Green,E05000447,3000,10300.00,1700.00,20.00,68.60,11.40,2.30,60.90,20.50,0.10,11.70,
Lewisham - Lewisham Central,E05000448,4050,14700.00,1500.00,20.00,72.60,7.40,3.40,134.90,40.80,0.50,13.80,
Lewisham - New Cross,E05000449,3550,13150.00,1000.00,20.00,74.40,5.50,4.40,108.50,34.70,0.60,16.50,
Lewisham - Perry Vale,E05000450,3350,11150.00,1550.00,20.80,69.50,9.70,3.20,54.60,17.10,0.30,9.70,
Lewisham - Rushey Green,E05000451,3800,11500.00,1350.00,22.70,69.10,8.20,4.50,118.70,39.30,1.30,24.00,
Lewisham - Sydenham,E05000452,3350,10950.00,1850.00,20.70,67.80,11.40,4.10,73.20,24.20,0.10,13.10,
Lewisham - Telegraph Hill,E05000453,3250,12750.00,1200.00,18.80,74.10,7.10,3.00,51.10,16.50,0.20,16.50,
Lewisham - Whitefoot,E05000454,3650,9800.00,1600.00,24.20,65.20,10.60,4.00,70.40,26.00,0.60,27.90,
Merton - Abbey,E05000455,1950,7700.00,900.00,18.60,72.70,8.70,1.90,71.60,19.30,0.30,12.80,
Merton - Cannon Hill,E05000456,1700,6100.00,1650.00,17.90,64.40,17.70,1.00,35.40,7.70,0.40,42.70,
Merton - Colliers Wood,E05000457,1900,8400.00,950.00,16.70,74.70,8.60,1.60,79.10,17.20,0.30,14.60,
Merton - Cricket Green,E05000458,2850,7650.00,1350.00,24.10,64.70,11.20,4.20,78.50,26.80,1.20,50.00,
Merton - Dundonald,E05000459,1800,6800.00,1000.00,18.80,70.70,10.50,0.70,60.40,13.30,0.10,15.30,
Merton - Figge's Marsh,E05000460,2850,7700.00,1150.00,24.50,65.80,9.70,4.00,78.80,29.70,0.20,23.00,
Merton - Graveney,E05000461,2000,6900.00,1200.00,19.80,68.50,11.70,2.50,55.60,14.90,0.00,12.30,
Merton - Hillside,E05000462,1400,6550.00,1300.00,15.00,70.80,14.10,0.60,56.70,9.80,0.00,5.60,
Merton - Lavender Fields,E05000463,2300,7500.00,850.00,21.40,70.40,8.20,2.70,57.90,18.50,0.40,18.60,
Merton - Longthornton,E05000464,2300,7050.00,1200.00,21.60,67.10,11.20,2.70,50.90,15.60,0.30,36.60,
Merton - Lower Morden,E05000465,1750,6050.00,1550.00,18.90,64.70,16.40,1.00,33.10,8.70,0.30,34.00,
Merton - Merton Park,E05000466,1950,6250.00,1550.00,19.90,64.20,15.90,1.10,54.80,12.30,0.40,18.80,
Merton - Pollards Hill,E05000467,2550,7050.00,1150.00,23.70,65.50,10.80,3.70,60.20,19.60,0.70,52.80,
Merton - Ravensbury,E05000468,2250,6700.00,1350.00,21.70,65.30,13.00,3.50,63.70,23.60,0.40,37.80,
Merton - Raynes Park,E05000469,2050,6550.00,1450.00,20.50,65.30,14.20,1.20,43.90,9.70,0.30,24.40,
Merton - St. Helier,E05000470,2350,6900.00,1450.00,22.00,64.60,13.40,2.40,51.40,15.20,0.20,41.60,
Merton - Trinity,E05000471,2050,7100.00,900.00,20.50,70.70,8.80,1.50,83.90,18.70,0.00,15.70,
Merton - Village,E05000472,1650,5350.00,1800.00,18.90,60.80,20.30,0.50,52.20,9.90,n/a,62.20,
Merton - West Barnes,E05000473,2150,6600.00,1500.00,20.90,64.60,14.50,0.90,49.60,8.90,0.20,32.40,
Merton - Wimbledon Park,E05000474,2700,7750.00,1050.00,23.60,67.40,9.10,1.10,42.20,6.40,0.10,28.50,
Newham - Beckton,E05000475,3650,12200.00,800.00,22.00,73.10,4.90,3.00,125.20,27.40,1.10,30.90,
Newham - Boleyn,E05000476,4050,11000.00,1300.00,24.90,67.10,8.10,3.30,69.80,21.30,0.40,6.10,
Newham - Canning Town North,E05000477,3550,11850.00,1250.00,21.40,71.00,7.60,5.00,93.90,29.80,4.30,21.60,
Newham - Canning Town South,E05000478,4050,15100.00,1250.00,19.80,74.10,6.10,3.10,64.80,15.80,1.00,26.60,
Newham - Custom House,E05000479,3500,10400.00,1000.00,23.50,69.80,6.70,3.30,108.10,25.30,1.20,30.60,
Newham - East Ham Central,E05000480,3650,11350.00,1200.00,22.40,70.00,7.50,2.80,111.80,31.50,0.70,10.80,
Newham - East Ham North,E05000481,3050,10100.00,1100.00,21.50,70.80,7.80,2.30,54.70,18.90,0.30,12.40,
Newham - East Ham South,E05000482,4250,10800.00,1200.00,26.30,66.40,7.30,3.20,67.10,21.00,0.60,23.50,
Newham - Forest Gate North,E05000483,3500,11800.00,1250.00,21.20,71.40,7.40,3.40,64.70,20.40,0.80,13.80,
Newham - Forest Gate South,E05000484,3650,13300.00,1150.00,20.20,73.40,6.40,3.70,87.90,28.30,0.70,2.20,
Newham - Green Street East,E05000485,3650,11650.00,1000.00,22.30,71.50,6.20,3.00,60.10,18.50,0.30,2.40,
Newham - Green Street West,E05000486,3350,10950.00,1200.00,21.50,70.70,7.80,3.10,71.20,23.50,0.60,3.20,
Newham - Little Ilford,E05000487,4750,11200.00,1150.00,27.90,65.50,6.70,4.10,75.60,22.90,0.70,48.60,
Newham - Manor Park,E05000488,3750,10750.00,1100.00,24.00,68.80,7.10,3.70,66.80,21.90,0.50,26.60,
Newham - Plaistow North,E05000489,3700,10900.00,1200.00,23.40,69.00,7.60,4.40,61.90,21.00,0.40,10.70,
Newham - Plaistow South,E05000490,4700,11000.00,1100.00,27.90,65.60,6.50,3.70,92.00,29.90,0.80,14.60,
Newham - Royal Docks,E05000491,3450,12500.00,600.00,20.80,75.50,3.70,2.10,71.50,15.00,0.50,56.80,
Newham - Stratford and New Town,E05000492,3700,21750.00,1250.00,13.90,81.40,4.70,2.40,240.90,37.80,0.80,44.70,
Newham - Wall End,E05000493,3850,10300.00,1000.00,25.40,67.90,6.80,2.80,46.60,17.70,0.30,33.90,
Newham - West Ham,E05000494,3300,11600.00,1250.00,20.30,72.00,7.60,4.00,58.80,19.80,0.50,27.20,
Redbridge - Aldborough,E05000495,3500,10400.00,1900.00,22.30,65.70,12.00,2.10,66.30,16.50,0.20,78.20,
Redbridge - Barkingside,E05000496,2600,8600.00,1950.00,19.70,65.30,15.00,2.00,50.50,16.70,0.20,1.30,
Redbridge - Bridge,E05000497,2350,7750.00,1750.00,20.00,65.20,14.80,1.80,58.60,16.50,0.20,35.80,
Redbridge - Chadwell,E05000498,3750,9600.00,1500.00,25.40,64.50,10.10,3.00,54.50,18.20,0.20,5.00,
Redbridge - Church End,E05000499,2300,8100.00,1450.00,19.50,68.20,12.40,1.10,61.00,13.40,0.00,4.80,
Redbridge - Clayhall,E05000500,2650,8850.00,2100.00,19.50,65.10,15.40,1.30,54.00,12.20,0.20,22.00,
Redbridge - Clementswood,E05000501,4750,10950.00,1250.00,27.90,64.70,7.40,3.30,136.70,43.10,0.40,7.10,
Redbridge - Cranbrook,E05000502,2900,8700.00,1700.00,21.60,65.60,12.70,1.90,73.00,18.70,0.50,39.90,
Redbridge - Fairlop,E05000503,2700,8450.00,1800.00,20.80,65.20,13.90,1.90,57.70,20.70,0.00,48.40,
Redbridge - Fullwell,E05000504,2750,8350.00,2100.00,20.90,63.30,15.80,2.20,55.40,16.70,0.10,23.70,
Redbridge - Goodmayes,E05000505,3400,8900.00,1150.00,25.30,66.20,8.50,3.00,70.30,21.70,0.70,27.70,
Redbridge - Hainault,E05000506,3050,8600.00,1900.00,22.70,63.30,14.10,2.90,60.40,21.40,0.50,62.60,
Redbridge - Loxford,E05000507,5150,11300.00,1200.00,29.20,63.90,6.90,4.10,86.20,28.50,0.50,16.80,
Redbridge - Mayfield,E05000508,3400,8900.00,1650.00,24.40,63.80,11.80,2.30,52.50,15.80,0.10,14.30,
Redbridge - Monkhams,E05000509,1750,6550.00,2300.00,16.50,61.70,21.80,0.80,48.10,9.00,0.20,31.00,
Redbridge - Newbury,E05000510,4350,11400.00,1700.00,24.80,65.40,9.80,2.30,54.90,15.00,0.40,21.40,
Redbridge - Roding,E05000511,2900,8250.00,1400.00,23.30,65.80,11.00,1.90,50.30,12.80,0.40,35.70,
Redbridge - Seven Kings,E05000512,4200,11200.00,1550.00,24.90,66.10,9.00,2.90,87.30,29.40,0.30,21.40,
Redbridge - Snaresbrook,E05000513,2150,7900.00,2050.00,17.80,65.40,16.80,0.90,51.80,10.90,0.20,12.60,
Redbridge - Valentines,E05000514,3950,9750.00,1300.00,26.20,64.90,8.80,3.10,104.50,31.10,0.30,13.30,
Redbridge - Wanstead,E05000515,2350,7450.00,1950.00,20.00,63.50,16.50,1.30,71.80,9.20,0.80,66.50,
Richmond upon Thames - Barnes,E05000516,2100,6750.00,1700.00,19.90,64.10,16.00,1.00,55.70,9.60,0.00,54.40,
Richmond upon Thames - East Sheen,E05000517,2500,6400.00,1650.00,23.60,60.70,15.70,0.80,48.70,8.60,0.20,76.60,
Richmond upon Thames - Fulwell and Hampton Hill,E05000518,2250,6600.00,1450.00,21.80,64.10,14.10,1.30,44.70,11.60,0.10,32.70,
"Richmond upon Thames - Ham, Petersham & Richmond Riverside",E05000519,2000,6700.00,1900.00,19.00,63.20,17.80,1.70,56.00,14.00,0.70,81.90,
Richmond upon Thames - Hampton,E05000520,2050,6300.00,1850.00,20.10,61.70,18.20,1.40,49.70,11.00,0.30,74.70,
Richmond upon Thames - Hampton North,E05000521,1850,6100.00,1650.00,19.40,63.40,17.20,1.90,47.90,15.80,0.40,28.20,
Richmond upon Thames - Hampton Wick,E05000522,2150,6900.00,1450.00,20.30,65.80,13.90,1.30,46.20,10.80,0.00,50.00,
Richmond upon Thames - Heathfield,E05000523,2100,6800.00,1700.00,19.90,64.10,16.00,2.50,55.30,19.00,0.60,27.10,
Richmond upon Thames - Kew,E05000524,2450,7450.00,1750.00,21.00,63.80,15.20,1.00,56.70,9.30,0.40,56.70,
Richmond upon Thames - Mortlake and Barnes Common,E05000525,2600,7100.00,1400.00,23.40,63.90,12.70,1.50,64.10,14.40,0.40,39.10,
Richmond upon Thames - North Richmond,E05000526,2200,7250.00,1600.00,19.90,65.60,14.50,1.30,58.60,14.10,0.20,54.10,
Richmond upon Thames - St. Margarets & North Twickenham,E05000527,2750,8000.00,1100.00,23.10,67.70,9.20,0.80,58.30,11.50,0.30,23.60,
Richmond upon Thames - South Richmond,E05000528,1900,7600.00,1550.00,17.10,68.70,14.20,1.10,110.70,22.10,0.10,47.40,
Richmond upon Thames - South Twickenham,E05000529,2000,6900.00,1200.00,19.60,68.60,11.80,0.90,35.30,9.00,0.20,26.70,
Richmond upon Thames - Teddington,E05000530,2050,6900.00,1600.00,19.30,65.50,15.20,1.00,46.40,10.10,0.10,64.00,
Richmond upon Thames - Twickenham Riverside,E05000531,2000,7250.00,1350.00,19.00,68.10,12.90,0.90,66.70,20.20,0.30,37.80,
Richmond upon Thames - West Twickenham,E05000532,2400,6950.00,1350.00,22.50,64.80,12.70,1.10,55.20,13.60,0.40,45.60,
Richmond upon Thames - Whitton,E05000533,1900,6300.00,1800.00,19.10,62.90,17.90,1.10,49.60,13.30,0.50,21.20,
Southwark - Brunswick Park,E05000534,2700,9900.00,950.00,19.80,73.10,7.10,4.00,104.80,33.60,0.60,7.00,
Southwark - Camberwell Green,E05000535,3400,11450.00,1100.00,21.30,71.70,7.00,4.60,111.20,37.10,1.00,1.60,
Southwark - Cathedrals,E05000536,1700,14350.00,1200.00,9.90,83.10,7.00,3.50,184.90,32.30,0.70,15.70,
Southwark - Chaucer,E05000537,2300,13050.00,850.00,14.30,80.50,5.20,3.30,114.40,29.40,0.10,5.60,
Southwark - College,E05000538,2450,8000.00,1400.00,20.60,67.40,12.00,2.90,73.30,16.60,0.40,43.70,
Southwark - East Dulwich,E05000539,2500,8800.00,1150.00,20.00,70.90,9.10,1.90,60.30,15.60,0.20,0.70,
Southwark - East Walworth,E05000540,2450,10300.00,1100.00,17.80,74.40,7.80,4.10,159.30,44.60,0.30,24.10,
Southwark - Faraday,E05000541,3000,9100.00,1000.00,23.00,69.50,7.50,4.90,97.40,30.00,1.40,30.00,
Southwark - Grange,E05000542,2500,14100.00,1000.00,14.10,80.20,5.70,3.10,106.20,25.50,0.80,4.50,
Southwark - Livesey,E05000543,3450,10300.00,1300.00,22.90,68.50,8.60,5.30,98.20,31.90,0.60,4.50,
Southwark - Newington,E05000544,2600,11650.00,1250.00,16.90,75.10,8.00,4.20,110.40,31.70,0.90,3.70,
Southwark - Nunhead,E05000545,2850,9750.00,1250.00,20.70,70.30,9.00,4.80,68.70,23.80,0.60,20.10,
Southwark - Peckham,E05000546,3650,10600.00,1100.00,23.70,69.10,7.20,5.60,95.70,32.70,0.50,7.00,
Southwark - Peckham Rye,E05000547,2950,9450.00,1150.00,21.70,69.80,8.50,2.80,56.50,15.90,0.10,45.70,
Southwark - Riverside,E05000548,2250,13300.00,1050.00,13.60,80.10,6.40,2.00,101.90,20.80,0.40,23.20,
Southwark - Rotherhithe,E05000549,2650,11350.00,1050.00,17.70,75.40,6.90,2.90,97.50,25.60,0.70,34.10,
Southwark - South Bermondsey,E05000550,2850,10500.00,1050.00,19.80,72.90,7.40,3.50,103.30,28.60,0.30,3.00,
Southwark - South Camberwell,E05000551,2550,9700.00,950.00,19.20,73.50,7.30,3.00,52.20,15.80,0.20,19.90,
Southwark - Surrey Docks,E05000552,1950,12500.00,950.00,12.70,81.10,6.10,1.70,53.70,11.00,1.40,40.30,
Southwark - The Lane,E05000553,3550,11450.00,1450.00,21.60,69.70,8.80,3.60,138.10,40.10,0.40,6.00,
Southwark - Village,E05000554,2800,8200.00,1500.00,22.30,65.70,12.00,1.20,57.50,9.50,0.00,33.80,
Sutton - Beddington North,E05000555,2200,6850.00,1550.00,20.70,64.80,14.50,0.90,59.60,14.80,0.30,53.00,
Sutton - Beddington South,E05000556,2350,6850.00,1750.00,21.40,62.70,15.90,2.50,52.90,16.30,0.60,39.00,
Sutton - Belmont,E05000557,1900,6600.00,1800.00,18.50,63.90,17.60,1.30,35.60,11.00,0.20,19.00,
Sutton - Carshalton Central,E05000558,2050,6750.00,1600.00,19.80,64.90,15.30,0.90,44.40,12.70,0.30,26.90,
Sutton - Carshalton South and Clockhouse,E05000559,2150,6350.00,1750.00,20.80,62.30,16.90,1.10,34.10,9.30,0.30,68.20,
Sutton - Cheam,E05000560,1950,6450.00,2150.00,18.50,61.10,20.30,0.90,33.90,7.40,0.30,24.70,
Sutton - Nonsuch,E05000561,1900,6950.00,2050.00,17.50,63.60,18.90,0.70,44.40,10.20,0.20,10.40,
Sutton - St. Helier,E05000562,3050,7950.00,1300.00,24.70,64.70,10.70,2.40,71.90,28.70,0.40,25.80,
Sutton - Stonecot,E05000563,2050,7150.00,1750.00,18.70,65.30,16.00,1.00,48.50,11.50,0.80,21.50,
Sutton - Sutton Central,E05000564,2500,7800.00,1300.00,21.40,67.40,11.20,2.60,158.40,46.80,2.00,12.90,
Sutton - Sutton North,E05000565,2200,6550.00,1850.00,20.90,61.70,17.40,1.40,46.10,13.70,0.20,28.50,
Sutton - Sutton South,E05000566,1700,6600.00,1700.00,16.90,66.00,17.00,1.50,42.50,13.60,0.00,8.10,
Sutton - Sutton West,E05000567,2050,7350.00,1550.00,18.60,67.20,14.20,1.00,33.80,12.20,0.10,23.10,
Sutton - The Wrythe,E05000568,2100,6900.00,1500.00,20.20,65.80,14.10,1.00,61.40,17.90,0.50,18.00,
Sutton - Wallington North,E05000569,2250,7100.00,1500.00,20.80,65.20,14.00,1.50,50.60,14.90,0.40,19.20,
Sutton - Wallington South,E05000570,2000,6800.00,1850.00,18.80,63.70,17.50,1.60,50.50,16.00,0.10,9.50,
Sutton - Wandle Valley,E05000571,3000,8100.00,1150.00,24.50,66.30,9.20,2.60,65.60,22.60,0.70,40.50,
Sutton - Worcester Park,E05000572,2650,7600.00,1700.00,22.10,63.40,14.40,1.40,44.60,16.60,0.60,22.30,
Tower Hamlets - Bethnal Green North,E05000573,2650,11150.00,950.00,17.80,75.70,6.50,3.30,119.00,37.00,0.90,6.30,
Tower Hamlets - Bethnal Green South,E05000574,2900,11550.00,750.00,19.00,76.10,4.90,4.20,121.30,37.20,1.60,16.90,
Tower Hamlets - Blackwall and Cubitt Town,E05000575,4350,17800.00,1100.00,18.80,76.50,4.70,1.90,60.30,19.80,1.10,42.20,
Tower Hamlets - Bow East,E05000576,2750,11800.00,1050.00,17.70,75.40,6.80,3.00,98.90,26.40,2.10,39.00,
Tower Hamlets - Bow West,E05000577,2700,9950.00,1050.00,19.60,72.70,7.70,2.60,98.50,25.40,1.30,42.80,
Tower Hamlets - Bromley-by-Bow,E05000578,4850,13900.00,1000.00,24.60,70.40,5.00,4.60,79.30,25.60,2.10,11.60,
Tower Hamlets - East India and Lansbury,E05000579,4250,11250.00,1000.00,25.80,68.00,6.10,5.20,108.40,38.30,2.60,12.40,
Tower Hamlets - Limehouse,E05000580,3800,12350.00,950.00,22.10,72.30,5.60,3.30,88.80,28.20,1.60,23.30,
Tower Hamlets - Mile End and Globe Town,E05000581,2950,12300.00,950.00,18.30,76.00,5.80,3.70,86.60,30.30,1.10,12.50,
Tower Hamlets - Mile End East,E05000582,3400,11000.00,800.00,22.40,72.40,5.30,4.50,87.30,28.80,1.80,33.30,
Tower Hamlets - Millwall,E05000583,4500,20850.00,1000.00,17.00,79.20,3.70,1.50,74.40,22.40,0.30,35.00,
Tower Hamlets - St. Dunstan's and Stepney Green,E05000584,3800,12050.00,1300.00,22.20,70.20,7.60,4.40,78.50,27.90,0.70,21.20,
Tower Hamlets - St. Katherine's and Wapping,E05000585,2000,10700.00,900.00,14.80,78.70,6.50,1.80,96.00,19.60,0.50,36.90,
Tower Hamlets - Shadwell,E05000586,3700,11250.00,950.00,23.20,70.90,6.00,3.30,86.90,26.30,1.00,24.20,
Tower Hamlets - Spitalfields and Banglatown,E05000587,1650,9600.00,600.00,13.80,81.20,5.00,3.70,188.80,44.80,0.50,1.40,
Tower Hamlets - Weavers,E05000588,2500,11600.00,950.00,16.50,77.20,6.40,3.30,136.80,32.80,0.60,15.40,
Tower Hamlets - Whitechapel,E05000589,3000,13400.00,900.00,17.40,77.50,5.10,2.60,105.30,33.30,1.10,5.40,
Waltham Forest - Cann Hall,E05000590,3200,10100.00,1050.00,22.20,70.50,7.30,3.30,61.20,21.10,0.50,5.00,
Waltham Forest - Cathall,E05000591,2950,9350.00,1000.00,22.20,70.40,7.50,4.30,64.20,24.60,0.50,23.50,
Waltham Forest - Chapel End,E05000592,3600,9750.00,1300.00,24.60,66.60,8.70,2.70,73.00,22.10,0.60,31.20,
Waltham Forest - Chingford Green,E05000593,1850,6450.00,2300.00,17.30,60.90,21.70,1.80,69.00,19.80,0.50,54.90,
Waltham Forest - Endlebury,E05000594,1900,7250.00,2000.00,17.00,65.00,18.00,2.60,43.90,13.10,0.20,18.50,
Waltham Forest - Forest,E05000595,2750,9200.00,1300.00,20.60,69.40,10.00,2.90,81.60,24.60,0.60,40.40,
Waltham Forest - Grove Green,E05000596,3300,10800.00,1150.00,21.70,70.70,7.60,2.20,52.40,16.50,0.30,4.30,
Waltham Forest - Hale End and Highams Park,E05000597,2650,8050.00,1500.00,21.90,65.90,12.20,2.60,52.10,15.80,0.00,41.40,
Waltham Forest - Hatch Lane,E05000598,2250,7350.00,1850.00,19.50,64.30,16.20,2.70,64.40,18.50,0.40,37.70,
Waltham Forest - High Street,E05000599,3200,10450.00,1200.00,21.60,70.40,7.90,3.10,151.30,39.50,1.00,56.60,
Waltham Forest - Higham Hill,E05000600,3500,9550.00,1150.00,24.60,67.40,8.00,4.80,67.70,23.90,0.70,56.70,
Waltham Forest - Hoe Street,E05000601,3250,10100.00,1250.00,22.40,69.20,8.40,5.10,87.40,27.80,0.40,10.60,
Waltham Forest - Larkswood,E05000602,2350,7850.00,1850.00,19.50,65.10,15.40,3.00,61.80,18.80,0.30,31.40,
Waltham Forest - Lea Bridge,E05000603,4100,10800.00,1300.00,25.30,66.60,8.10,4.20,98.40,28.40,0.20,40.10,
Waltham Forest - Leyton,E05000604,3700,10150.00,1150.00,24.60,67.80,7.60,4.40,88.20,28.80,1.10,27.60,
Waltham Forest - Leytonstone,E05000605,2350,10000.00,1050.00,17.60,74.40,8.00,2.10,89.80,29.20,0.50,5.80,
Waltham Forest - Markhouse,E05000606,3700,10400.00,1200.00,24.20,68.00,7.80,4.10,72.30,21.10,1.30,30.90,
Waltham Forest - Valley,E05000607,2450,7750.00,1650.00,20.80,65.40,13.80,3.20,104.10,25.20,0.50,17.60,
Waltham Forest - William Morris,E05000608,3250,9400.00,1100.00,23.60,68.20,8.20,3.40,55.60,20.50,0.70,5.30,
Waltham Forest - Wood Street,E05000609,3450,9400.00,1300.00,24.40,66.30,9.30,4.50,74.00,25.20,0.30,34.40,
Wandsworth - Balham,E05000610,2650,11150.00,1250.00,17.60,74.00,8.40,1.10,78.00,15.60,0.20,11.80,
Wandsworth - Bedford,E05000611,2300,11600.00,1150.00,15.30,77.10,7.50,1.70,53.70,14.50,0.10,44.90,
Wandsworth - Earlsfield,E05000612,2750,12250.00,1050.00,17.30,76.20,6.60,1.30,66.10,20.70,0.10,16.50,
Wandsworth - East Putney,E05000613,2250,11850.00,1750.00,14.10,74.80,11.10,1.20,42.60,10.20,0.30,11.00,
Wandsworth - Fairfield,E05000614,2300,11950.00,1100.00,14.90,77.90,7.20,1.30,83.60,19.30,0.10,11.10,
Wandsworth - Furzedown,E05000615,3350,10950.00,1550.00,21.10,69.00,9.90,2.80,58.60,17.70,0.20,19.30,
Wandsworth - Graveney,E05000616,3000,11250.00,1400.00,19.20,71.70,9.10,2.70,100.20,27.60,0.10,2.60,
Wandsworth - Latchmere,E05000617,3050,11350.00,1400.00,19.40,71.70,8.90,4.00,74.60,25.90,1.00,12.70,
Wandsworth - Nightingale,E05000618,2750,10850.00,1350.00,18.30,72.60,9.10,1.30,64.50,13.60,0.50,9.60,
Wandsworth - Northcote,E05000619,3300,11050.00,1000.00,21.50,71.90,6.60,0.90,101.60,17.30,0.10,34.50,
Wandsworth - Queenstown,E05000620,3000,15650.00,1500.00,14.80,77.80,7.40,2.40,74.80,18.20,0.70,38.50,
Wandsworth - Roehampton,E05000621,3050,12850.00,1650.00,17.50,73.10,9.30,3.80,83.50,25.50,0.50,70.60,
Wandsworth - St. Mary's Park,E05000622,2550,12900.00,1800.00,14.80,74.70,10.50,2.00,76.60,18.40,0.40,26.90,
Wandsworth - Shaftesbury,E05000623,2150,11150.00,1200.00,14.80,76.90,8.30,1.70,79.80,18.50,0.10,2.10,
Wandsworth - Southfields,E05000624,3400,11950.00,1450.00,20.30,71.20,8.50,1.30,69.40,17.50,0.10,18.10,
Wandsworth - Thamesfield,E05000625,2650,11250.00,1550.00,17.20,72.80,10.00,0.60,96.20,14.20,0.10,34.50,
Wandsworth - Tooting,E05000626,3150,12650.00,1600.00,18.00,72.80,9.10,2.70,77.60,24.70,0.10,33.70,
Wandsworth - Wandsworth Common,E05000627,3150,11850.00,1350.00,19.40,72.40,8.20,1.00,58.80,16.50,1.30,48.20,
Wandsworth - West Hill,E05000628,3150,12150.00,1550.00,18.80,71.90,9.30,2.10,38.00,12.30,0.10,31.90,
Wandsworth - West Putney,E05000629,2750,10650.00,2000.00,17.90,69.20,12.90,2.00,51.30,14.70,0.30,20.00,
Westminster - Abbey Road,E05000630,2000,7850.00,1650.00,17.60,68.20,14.20,1.10,45.80,9.50,0.20,7.20,
Westminster - Bayswater,E05000631,1400,8000.00,1100.00,13.20,76.20,10.60,1.60,106.30,19.00,n/a,3.80,
Westminster - Bryanston and Dorset Square,E05000632,1350,9950.00,1350.00,10.60,78.60,10.80,1.60,170.50,29.60,0.00,2.10,
Westminster - Churchill,E05000633,1950,7350.00,1250.00,18.60,69.50,11.90,4.30,107.60,22.60,0.00,22.20,
Westminster - Church Street,E05000634,2700,7650.00,1650.00,22.50,63.80,13.80,6.00,80.90,29.10,0.20,7.60,
Westminster - Harrow Road,E05000635,2350,8950.00,1050.00,18.90,72.60,8.50,3.60,67.10,23.70,n/a,3.00,
Westminster - Hyde Park,E05000636,1750,10400.00,1300.00,13.10,77.20,9.70,1.10,152.60,31.10,0.10,8.90,
Westminster - Knightsbridge and Belgravia,E05000637,1050,7650.00,1400.00,10.40,75.90,13.70,0.30,177.10,22.00,0.20,69.10,
Westminster - Lancaster Gate,E05000638,1600,11050.00,1150.00,11.50,80.00,8.40,1.20,150.40,22.00,0.10,8.60,
Westminster - Little Venice,E05000639,2000,7900.00,1200.00,18.20,71.10,10.70,1.60,74.80,17.30,0.00,15.40,
Westminster - Maida Vale,E05000640,1900,7700.00,1000.00,17.90,72.90,9.20,2.00,59.00,17.30,0.00,27.20,
Westminster - Marylebone High Street,E05000641,1050,8850.00,1250.00,9.30,79.30,11.30,0.60,302.40,32.00,0.20,6.10,
Westminster - Queen's Park,E05000642,2650,9150.00,1300.00,20.20,69.90,9.90,4.00,62.20,24.80,0.20,4.40,
Westminster - Regent's Park,E05000643,1950,8550.00,2000.00,15.70,68.30,16.00,1.30,66.60,14.70,0.10,62.20,
Westminster - St. James's,E05000644,1100,9650.00,1350.00,9.00,79.80,11.20,3.70,990.00,193.70,0.60,30.70,
Westminster - Tachbrook,E05000645,850,6350.00,1250.00,10.30,74.80,14.90,2.20,57.70,17.30,0.70,32.40,
Westminster - Vincent Square,E05000646,1500,7700.00,1350.00,14.20,73.10,12.60,3.00,82.40,25.00,0.20,26.40,
Westminster - Warwick,E05000647,1050,7550.00,1200.00,10.90,77.00,12.10,2.20,138.10,28.20,0.50,4.00,
Westminster - Westbourne,E05000648,2750,9250.00,1200.00,20.80,70.20,9.00,3.40,75.50,25.30,0.50,19.20,
Westminster - West End,E05000649,950,8950.00,1300.00,8.70,79.80,11.60,1.30,1212.10,152.90,0.40,3.90,
City of London,E09000001,650,6250.00,1250.00,8.00,76.90,15.20,1.30,656.40,85.30,0.40,18.60,
Barking and Dagenham,E09000002,53700,131700.00,20000.00,26.10,64.10,9.70,3.60,82.90,26.60,0.90,33.70,
Barnet,E09000003,82050,257850.00,53350.00,20.90,65.60,13.60,1.90,61.60,16.50,0.20,37.70,
Bexley,E09000004,47950,149400.00,39700.00,20.20,63.00,16.70,1.80,50.00,15.20,0.70,38.90,
Brent,E09000005,67200,222800.00,36350.00,20.60,68.30,11.10,3.50,77.10,25.40,0.20,22.30,
Bromley,E09000006,63050,200500.00,56550.00,19.70,62.60,17.70,1.40,61.20,18.80,0.60,57.40,
Camden,E09000007,35500,169000.00,25750.00,15.40,73.40,11.20,2.30,124.70,26.30,0.30,24.60,
Croydon,E09000008,82900,249100.00,49200.00,21.70,65.40,12.90,2.50,75.70,23.90,0.50,32.20,
Ealing,E09000009,72800,236650.00,39900.00,20.80,67.70,11.40,2.90,75.60,23.00,0.30,31.50,
Enfield,E09000010,71100,209350.00,41650.00,22.10,65.00,12.90,3.20,70.60,19.60,0.50,48.50,
Greenwich,E09000011,61450,190850.00,29250.00,21.80,67.80,10.40,2.90,74.40,25.80,0.60,39.30,
Hackney,E09000012,53500,190250.00,18950.00,20.40,72.40,7.20,3.70,101.10,29.50,0.40,28.30,
Hammersmith and Fulham,E09000013,31850,140250.00,17750.00,16.80,73.90,9.30,2.70,106.20,28.70,0.20,21.10,
Haringey,E09000014,52200,192600.00,24350.00,19.40,71.60,9.00,3.60,83.80,25.20,0.40,27.80,
Harrow,E09000015,50150,160700.00,36650.00,20.30,64.90,14.80,1.80,50.30,15.30,0.20,32.10,
Havering,E09000016,47250,157150.00,45950.00,18.90,62.80,18.40,2.10,62.50,17.30,0.80,59.00,
Hillingdon,E09000017,61100,190500.00,37900.00,21.10,65.80,13.10,1.90,67.20,24.20,0.70,45.00,
Hounslow,E09000018,55150,178900.00,29550.00,20.90,67.90,11.20,2.20,75.00,24.20,0.50,37.50,
Islington,E09000019,35100,166750.00,18950.00,15.90,75.50,8.60,3.10,114.10,31.80,0.50,13.70,
Kensington and Chelsea,E09000020,25350,114300.00,22050.00,15.70,70.70,13.60,2.20,115.50,25.80,0.10,19.80,
Kingston upon Thames,E09000021,32200,112700.00,22300.00,19.30,67.40,13.30,1.40,55.70,15.80,0.40,36.90,
Lambeth,E09000022,57150,238750.00,24500.00,17.80,74.50,7.70,3.40,104.80,30.30,0.50,20.70,
Lewisham,E09000023,60600,205500.00,27000.00,20.70,70.10,9.20,3.40,78.00,25.80,0.50,22.10,
Merton,E09000024,42450,138600.00,25150.00,20.60,67.20,12.20,2.00,57.10,16.00,0.30,35.90,
Newham,E09000025,75100,240500.00,22400.00,22.20,71.20,6.60,3.30,91.00,25.70,0.80,29.90,
Redbridge,E09000026,67000,189850.00,35600.00,22.90,64.90,12.20,2.20,69.50,20.30,0.30,40.30,
Richmond upon Thames,E09000027,39250,124250.00,28100.00,20.50,64.90,14.70,1.30,55.00,13.40,0.30,57.00,
Southwark,E09000028,57100,227800.00,23750.00,18.50,73.80,7.70,3.40,104.50,27.90,0.60,22.60,
Sutton,E09000029,40000,126650.00,29750.00,20.40,64.50,15.20,1.50,53.10,17.10,0.40,33.90,
Tower Hamlets,E09000030,55700,212450.00,16150.00,19.60,74.70,5.70,3.10,99.50,29.50,1.20,26.90,
Waltham Forest,E09000031,59750,184050.00,27600.00,22.00,67.80,10.20,3.40,83.10,24.30,0.50,34.80,
Wandsworth,E09000032,56750,237300.00,28700.00,17.60,73.50,8.90,1.80,71.60,19.20,0.30,31.60,
Westminster,E09000033,33900,170350.00,26300.00,14.70,73.90,11.40,2.20,238.30,39.50,0.20,28.60,
London,E12000007,1726900,5923600.00,982400.00,20.00,68.60,11.40,2.60,83.30,23.40,0.50,39.10,
England,E92000001,10335450,34540350.00,9737650.00,18.90,63.20,17.80,2.30,66.90,13.40,n/a,n/a,
